/*
SQLyog Ultimate v11.11 (64 bit)
MySQL - 5.5.5-10.3.28-MariaDB-cll-lve : Database - jattugco_candidatos
*********************************************************************
*/

/*!40101 SET NAMES utf8 */;

/*!40101 SET SQL_MODE=''*/;

/*!40014 SET @OLD_UNIQUE_CHECKS=@@UNIQUE_CHECKS, UNIQUE_CHECKS=0 */;
/*!40014 SET @OLD_FOREIGN_KEY_CHECKS=@@FOREIGN_KEY_CHECKS, FOREIGN_KEY_CHECKS=0 */;
/*!40101 SET @OLD_SQL_MODE=@@SQL_MODE, SQL_MODE='NO_AUTO_VALUE_ON_ZERO' */;
/*!40111 SET @OLD_SQL_NOTES=@@SQL_NOTES, SQL_NOTES=0 */;
CREATE DATABASE /*!32312 IF NOT EXISTS*/`jattugco_candidatos` /*!40100 DEFAULT CHARACTER SET latin1 */;

USE `jattugco_candidatos`;

/*Table structure for table `candidatodetalle` */

DROP TABLE IF EXISTS `candidatodetalle`;

CREATE TABLE `candidatodetalle` (
  `codDetalle` int(11) NOT NULL,
  `ci` int(11) DEFAULT NULL,
<<<<<<< Updated upstream
  `formacAca` tinytext DEFAULT NULL,
  `formacProf` tinytext DEFAULT NULL,
  `experLab` tinytext DEFAULT NULL,
  `profeOcupActual` tinytext DEFAULT NULL,
=======
  `formacAca` text DEFAULT NULL,
  `formacProf` text DEFAULT NULL,
  `experLab` text DEFAULT NULL,
  `profeOcupActual` text DEFAULT NULL,
>>>>>>> Stashed changes
  `numContact` int(11) DEFAULT NULL,
  PRIMARY KEY (`codDetalle`),
  KEY `ci` (`ci`),
  CONSTRAINT `candidatodetalle_ibfk_1` FOREIGN KEY (`ci`) REFERENCES `candidatos` (`ci`)
) ENGINE=InnoDB DEFAULT CHARSET=utf8mb4;

/*Data for the table `candidatodetalle` */

LOCK TABLES `candidatodetalle` WRITE;

<<<<<<< Updated upstream
insert  into `candidatodetalle`(`codDetalle`,`ci`,`formacAca`,`formacProf`,`experLab`,`profeOcupActual`,`numContact`) values (0,2934298,'Bachiller en Ciencias y Letras - CREC - Año 1996 (Concepción) (Mejor Egresado) Abogado - Universidad Católica - Año 2002 (Concepción) (Alumno Distinguido) Especialista en Didáctica para la Educación Superior - UNC - Año 2010 (Concepción) Maestrí','Docente Escalafonado de la Universidad Nacional de Concepción - 2018. Diplomado en Curriculum por Competencia - Concepción - 2015 Diplomado en Evaluación por Competencia - Concepción - 2015 Estudio Actual: Doctorado en Ciencias Jurídicas -Universidad','Secretario General de la Junta Municipal de Concepción - Funcionario con carrera administrativa en la institución con 21 años de servicio, iniciando como Ordenanza Municipal. Salida: Año 2016. Afiliado al Partico ANR - Partido Colorado.','Docente Universitario de la UNC - Concepción - 2013/2021 Asesor en asuntos jurídicos. Asesor en asuntos legislativos.',NULL),(1,3351011,'Bachillerato Humanístico Científico - CREC - Año 1.999 (Concepción)\r\nAbogado - Universidad del Pacífico - Año 2.005 (Asunción)\r\n','Diplomado en Derecho Penal - Corrientes (Argentina)','Abogado desde el año 2.005\r\nConcejal Municipal desde el año 2015 hasta la actualidad \r\n','Trabajador Independiente. ',NULL),(2,4190913,'	Bachiller Científico con Énfasis en Ciencias Sociales. - CREC - Año 2004 (Concepción). Abogado - Facultad de Ciencias Jurídicas Nuestra Señora de la Asunción - Año 2010 (Concepción).\r\n	Escribano Público - Facultad de Ciencias Jurídicas N','	Seminario Taller sobre Nulidades Procesales en el Fuero Penal \r\n	Seminario sobre Fundamentos Políticos del Derecho \r\n	Actualización en Ciencias Penales \r\n	Conferencia Magistral sobre Derecho Constitucional y Derecho Penal \r\n	Jornadas de ','	Ujier Notificador – Años 2008 al 2013 \r\n	Actuario Judicial – Años 2013 al 2017 \r\n	Funcionario de la Entidad Binacional Yacyretá - Asesoría de Comunicación Social – Año 2018 \r\n	Asesoría Legal externa de la Intendencia de Puerto Ca','Abogado de oficio, ejerciendo la profesión.',NULL),(3,5576975,'Bachiller Técnico en Informática - CNC -Año 2011 (Concepción).','Taller de locución - Casa Paraguaya - Buenos Aires – 2012.','FZ PRO Publicitaria y Productora Desde el 2010 hasta la fecha.\r\nSupervisor de Distribución Antell S.A 2018 – 2021.\r\n','Publicista y Comunicador.',NULL),(4,2837172,'	Bachillerato técnico en contabilidad- Instituto Salesiano San José - Año 1998. (Concepción).\r\n	Licenciatura en Administración y Gestión Empresarial - Universidad Americana – Año 2003 Asunción.\r\n	Ingeniería Comercial - Universidad Amer','Executive Master en Administración y Dirección de Empresas - Initiative Escuela de Negocios y Cesma Business School - Año 2019  parte en Asunción Paraguay, parte y defensa de tesis en Madrid, España. ','	Gerente General - Autoparque Concepción - Concepción desde 2004. \r\n	Gerente Propietario - La Norteña Comercial - Concepción desde enero 2008. \r\n	Gerente General - OCESA (Óscar Cabral Emprendimientos S.A. ) Concepción desde marzo 2021. \r\n','	Gerente General - Autoparque Concepción - Concepción desde 2004. \r\n	Gerente Propietario - La Norteña Comercial - Concepción desde enero 2008. \r\n	Gerente General - OCESA ( Óscar Cabral Emprendimientos S.A. ) Concepción desde marzo 2021. \r\n\r',NULL),(5,4050764,'Bachillerato Humanístico Institucion Educativa Diocesana Santa Teresita Año 2011.','HTML Básico - SNPP – 2016.','Audiotoria Interna Gobierno Departamental de Concepción 2015 – 2017. \r\nSupervisor de Distribución Antell S.A 2018 – 2021.\r\n','Supervisor de Distribución Antell S.A,',NULL),(6,1098294,'Bachillerato Técnico en Contabilidad - CREC - (Concepción)\r\nLicenciatura en Enfermería - Facultad Santa Rosa Mística(Concepción) \r\n','Licenciatura en Enfermería - Técnico en banco de sangre ','Jubilada del Instituto de Previsión Social \r\nEx Titular de la Secretaría de la Mujer - Gobierno Departamental \r\nEx Titular de la Secretaría de la Salud - Gobierno Departamental \r\nPresidente actual de la Asociación de Música y Arte (ASOMAR) \r\nPresiden','Productora Agrícola y Ganadera - Jubilada.',NULL),(7,1999241,'	Profesor de EEB- IFD \r\n	Profesor de Guarani- Idelguap \r\n	Especialización en EBI- ISE Asunción \r\n	Licenciatura en Ciencias de la Educación- Uninorte \r\n	Postgrado en Didáctica Superior- UNC\r\n','Especialización en Planificación Estratégica- UNC Técnico evaluador ','	LATN de cartero 1990 \r\n	ESPARA técnico de cielos rasos 1994 \r\n	Docente de escuelas 1998 \r\n	Técnico en Supervisiones 2000 \r\n	Supervisor Educativo 2008 \r\n	Docente Universitario 2012 \r\n	Secretario de Organización del Comité PLRA- Co','	Supervisor educativo MEC \r\n	Docente UNC \r\n	Docente UTIC \r\n',NULL),(8,528022,'Bachiller en Ciencias y Letras CMA año 1975.','Autodidacta en el rubro textil.','46 años de afiliación y militancia en el Partido Colorado y desde el año 1996 soy Microemprearia del rubro textil hasta la fecha propietaria de MADOM SPORT.','Microempresaria trabajo en Madom Sport.',NULL),(9,1564790,'Bachiller en Ciencias y Letras.CREC.año 1989. \r\nProfesora de Lengua y Literatura Guarani. \r\nAteneo De Lengua Guarani.Año.2002. Concepción. \r\nProfesora de Artes Plásticas. Academia de Artes Mburukuja Poty Año: 2007.\r\nConcepción Licenciada en Ciencias','Postgrado en Especialista en Gestión Pedagogía y Curricular. Universidad Autónoma De Asunción. Año: 2018. ','Docente Catedrática Colegio Salesiano Don Bosco. \r\nDocente Catedrática Colegio Salesiano San José. Antiguedad: 20 Años. \r\nMiembro de la Comisión Vecinal 1° Calle Villa Sagrada Familia. \r\nMiembro del PLRA como afiliada. Miembro\r\nPre Candidata del Mov','Docente Catedrática.',NULL),(10,619919,'Bachiller en ciencias y Letras. \r\nProfesorado en Educación Primaria. \r\nProfesorado en Educación Media. \r\nÁrea en Educación Idiomática. \r\nProfesorado de EM área Matemática. \r\nLicenciatura en Ciencias de la Educación. Especial. En Educ. Superior\r\n','Educación. Especialista En Educ. Superior. Maestría en Didáctica con mención en Matemáticas (falta defensa de tesis).	','10 años en Educación Escolar. Básica y 15 años en NFDE. PRIMARIA','Docente en la UNC. DIRECTORA ACADÉMICA UNINORTE COMUNITARIA CONCEPCIÓN.',NULL),(11,3350641,'Colegio Nacional PBRO. Sebastián Pintos – 6to Grado','Contratista.','Contratista de Obra','Contratista, constructor de obra',NULL),(12,1697406,'4to curso- Instituto San Lorenzo.','Ninguno.','Comerciante hasta la a actualidad- presidente de junta de saneamiento y actualmente presidente de comisión Vecinal.','Comerciante.',NULL),(13,2937758,'Bachiller Técnico en Contabilidad y Administración - ISSJ Año 1997','Técnico en Administración, Contabilidad e Informática ','Comerciante y Asesor de la Gobernación de Concepción año 2021	','Comerciante',NULL);
=======
insert  into `candidatodetalle`(`codDetalle`,`ci`,`formacAca`,`formacProf`,`experLab`,`profeOcupActual`,`numContact`) values (0,2934298,'Bachiller en Ciencias y Letras - CREC - Año 1996 (Concepción) (Mejor Egresado) Abogado - Universidad Católica - Año 2002 (Concepción) (Alumno Distinguido) Especialista en Didáctica para la Educación Superior - UNC - Año 2010 (Concepción) Maestrí','Docente Escalafonado de la Universidad Nacional de Concepción - 2018. Diplomado en Curriculum por Competencia - Concepción - 2015 Diplomado en Evaluación por Competencia - Concepción - 2015 Estudio Actual: Doctorado en Ciencias Jurídicas -Universidad','Secretario General de la Junta Municipal de Concepción - Funcionario con carrera administrativa en la institución con 21 años de servicio, iniciando como Ordenanza Municipal. Salida: Año 2016. Afiliado al Partico ANR - Partido Colorado.','Docente Universitario de la UNC - Concepción - 2013/2021 Asesor en asuntos jurídicos. Asesor en asuntos legislativos.',NULL),(1,3351011,'Bachillerato Humanístico Científico - CREC - Año 1.999 (Concepción)\r\nAbogado - Universidad del Pacífico - Año 2.005 (Asunción)\r\n','Diplomado en Derecho Penal - Corrientes (Argentina)','Abogado desde el año 2.005\r\nConcejal Municipal desde el año 2015 hasta la actualidad \r\n','Trabajador Independiente. ',NULL),(2,4190913,'	Bachiller Científico con Énfasis en Ciencias Sociales. - CREC - Año 2004 (Concepción). Abogado - Facultad de Ciencias Jurídicas Nuestra Señora de la Asunción - Año 2010 (Concepción).\r\n	Escribano Público - Facultad de Ciencias Jurídicas N','	Seminario Taller sobre Nulidades Procesales en el Fuero Penal \r\n	Seminario sobre Fundamentos Políticos del Derecho \r\n	Actualización en Ciencias Penales \r\n	Conferencia Magistral sobre Derecho Constitucional y Derecho Penal \r\n	Jornadas de Capacitacion','	Ujier Notificador – Años 2008 al 2013 \r\n	Actuario Judicial – Años 2013 al 2017 \r\n	Funcionario de la Entidad Binacional Yacyretá - Asesoría de Comunicación Social – Año 2018 \r\n	Asesoría Legal externa de la Intendencia de Puerto Ca','Abogado de oficio, ejerciendo la profesión.',NULL),(3,5576975,'Bachiller Técnico en Informática - CNC -Año 2011 (Concepción).','Taller de locución - Casa Paraguaya - Buenos Aires – 2012.','FZ PRO Publicitaria y Productora Desde el 2010 hasta la fecha.\r\nSupervisor de Distribución Antell S.A 2018 – 2021.\r\n','Publicista y Comunicador.',NULL),(4,2837172,'	Bachillerato técnico en contabilidad- Instituto Salesiano San José - Año 1998. (Concepción).\r\n	Licenciatura en Administración y Gestión Empresarial - Universidad Americana – Año 2003 Asunción.\r\n	Ingeniería Comercial - Universidad Amer','Executive Master en Administración y Dirección de Empresas - Initiative Escuela de Negocios y Cesma Business School - Año 2019  parte en Asunción Paraguay, parte y defensa de tesis en Madrid, España. ','	Gerente General - Autoparque Concepción - Concepción desde 2004. \r\n	Gerente Propietario - La Norteña Comercial - Concepción desde enero 2008. \r\n	Gerente General - OCESA (Óscar Cabral Emprendimientos S.A. ) Concepción desde marzo 2021. \r\n','	Gerente General - Autoparque Concepción - Concepción desde 2004. \r\n	Gerente Propietario - La Norteña Comercial - Concepción desde enero 2008. \r\n	Gerente General - OCESA ( Óscar Cabral Emprendimientos S.A. ) Concepción desde marzo 2021. \r\n\r',NULL),(5,4050764,'Bachillerato Humanístico Institucion Educativa Diocesana Santa Teresita Año 2011.','HTML Básico - SNPP – 2016.','Audiotoria Interna Gobierno Departamental de Concepción 2015 – 2017. \r\nSupervisor de Distribución Antell S.A 2018 – 2021.\r\n','Supervisor de Distribución Antell S.A,',NULL),(6,1098294,'Bachillerato Técnico en Contabilidad - CREC - (Concepción)\r\nLicenciatura en Enfermería - Facultad Santa Rosa Mística(Concepción) \r\n','Licenciatura en Enfermería - Técnico en banco de sangre ','Jubilada del Instituto de Previsión Social \r\nEx Titular de la Secretaría de la Mujer - Gobierno Departamental \r\nEx Titular de la Secretaría de la Salud - Gobierno Departamental \r\nPresidente actual de la Asociación de Música y Arte (ASOMAR) \r\nPresiden','Productora Agrícola y Ganadera - Jubilada.',NULL),(7,1999241,'	Profesor de EEB- IFD \r\n	Profesor de Guarani- Idelguap \r\n	Especialización en EBI- ISE Asunción \r\n	Licenciatura en Ciencias de la Educación- Uninorte \r\n	Postgrado en Didáctica Superior- UNC\r\n','Especialización en Planificación Estratégica- UNC Técnico evaluador ','	LATN de cartero 1990 \r\n	ESPARA técnico de cielos rasos 1994 \r\n	Docente de escuelas 1998 \r\n	Técnico en Supervisiones 2000 \r\n	Supervisor Educativo 2008 \r\n	Docente Universitario 2012 \r\n	Secretario de Organización del Comité PLRA- Co','	Supervisor educativo MEC \r\n	Docente UNC \r\n	Docente UTIC \r\n',NULL),(8,528022,'Bachiller en Ciencias y Letras CMA año 1975.','Autodidacta en el rubro textil.','46 años de afiliación y militancia en el Partido Colorado y desde el año 1996 soy Microemprearia del rubro textil hasta la fecha propietaria de MADOM SPORT.','Microempresaria trabajo en Madom Sport.',NULL),(9,1564790,'Bachiller en Ciencias y Letras.CREC.año 1989. \r\nProfesora de Lengua y Literatura Guarani. \r\nAteneo De Lengua Guarani.Año.2002. Concepción. \r\nProfesora de Artes Plásticas. Academia de Artes Mburukuja Poty Año: 2007.\r\nConcepción Licenciada en Ciencias','Postgrado en Especialista en Gestión Pedagogía y Curricular. Universidad Autónoma De Asunción. Año: 2018. ','Docente Catedrática Colegio Salesiano Don Bosco. \r\nDocente Catedrática Colegio Salesiano San José. Antiguedad: 20 Años. \r\nMiembro de la Comisión Vecinal 1° Calle Villa Sagrada Familia. \r\nMiembro del PLRA como afiliada. Miembro\r\nPre Candidata del Mov','Docente Catedrática.',NULL),(10,619919,'Bachiller en ciencias y Letras. \r\nProfesorado en Educación Primaria. \r\nProfesorado en Educación Media. \r\nÁrea en Educación Idiomática. \r\nProfesorado de EM área Matemática. \r\nLicenciatura en Ciencias de la Educación. Especial. En Educ. Superior\r\n','Educación. Especialista En Educ. Superior. Maestría en Didáctica con mención en Matemáticas (falta defensa de tesis).	','10 años en Educación Escolar. Básica y 15 años en NFDE. PRIMARIA','Docente en la UNC. DIRECTORA ACADÉMICA UNINORTE COMUNITARIA CONCEPCIÓN.',NULL),(11,3350641,'Colegio Nacional PBRO. Sebastián Pintos – 6to Grado','Contratista.','Contratista de Obra','Contratista, constructor de obra',NULL),(12,1697406,'4to curso- Instituto San Lorenzo.','Ninguno.','Comerciante hasta la a actualidad- presidente de junta de saneamiento y actualmente presidente de comisión Vecinal.','Comerciante.',NULL),(13,2937758,'Bachiller Técnico en Contabilidad y Administración - ISSJ Año 1997','Técnico en Administración, Contabilidad e Informática ','Comerciante y Asesor de la Gobernación de Concepción año 2021	','Comerciante',NULL),(14,4951245,'\"Bachillerato En Ciencias Sociales - ISSJ - Año 2010 (Concepción)\r\nCiencias Jurídicas - UCA - Año 2019 (Concepción)\r\nIng. En Marketing - UA - Año 2020 (Asunción)\r\n','Ninguno. \r\n','\"TSJE 2012/2019\r\nEstudio Jurídico Desvars & Asociados 2018/2021\r\nEstudio Jurídico y Notarial Dominguez & Asociados 2021\r\nRiverside Concepción S.A 2018/2021\r\nEscritor & Compositor Independiente - Autores Paraguayos Asociados (APA) - 2013/2021\r\nProductor','Trabajador Independiente. \r\n',NULL);
>>>>>>> Stashed changes

UNLOCK TABLES;

/*Table structure for table `candidatos` */

DROP TABLE IF EXISTS `candidatos`;

CREATE TABLE `candidatos` (
  `ci` int(11) NOT NULL,
  `nomApe` varchar(64) DEFAULT NULL,
  `codCand` int(11) DEFAULT NULL,
  `presentacion` text DEFAULT NULL,
  `codMov` int(11) DEFAULT NULL,
  `tipoCand` enum('TITULAR','SUPLENTE') DEFAULT NULL,
  `propuesta` text DEFAULT NULL,
  `img` varchar(64) DEFAULT NULL,
  `fechaNac` date DEFAULT NULL,
  `lugarNac` varchar(40) DEFAULT NULL,
  `email` varchar(32) DEFAULT NULL,
  `orden` int(11) DEFAULT NULL,
  PRIMARY KEY (`ci`),
  KEY `codCand` (`codCand`),
  KEY `codMov` (`codMov`),
  CONSTRAINT `candidatos_ibfk_1` FOREIGN KEY (`codCand`) REFERENCES `candidatura` (`codCand`),
  CONSTRAINT `candidatos_ibfk_2` FOREIGN KEY (`codMov`) REFERENCES `movimientos` (`codMov`)
) ENGINE=InnoDB DEFAULT CHARSET=utf8mb4;

/*Data for the table `candidatos` */

LOCK TABLES `candidatos` WRITE;

<<<<<<< Updated upstream
insert  into `candidatos`(`ci`,`nomApe`,`codCand`,`presentacion`,`codMov`,`tipoCand`,`propuesta`,`img`,`fechaNac`,`lugarNac`,`email`,`orden`) values (528022,'MARIA DEL ROCIO FERNÁNDEZ DE SITJAR.',2,NULL,36,'TITULAR','Estricta controlar de la Administración del Ejecutivo Municipal.','Rocio Sitjar.jpg','1957-11-09','CONCEPCIÓN ','rocio_sitjar@hotmail.com',3),(619919,'MARÍA ARMINDA BAZAN DE LÓPEZ.',2,NULL,13,'TITULAR','	Educación, fortalecer concursos académicos. \r\n	Realización de festivales en los barrios. \r\n	Trabajo coordinado con supervisores, docentes. \r\n	Fortalecer los centros educativos. \r\n	Organizar las comisiones de barrios. \r\n	Medio ambiente: organizar trabajos de arborización.\r\n',NULL,'1960-05-09','HORQUETA ','Inidelopez@hotmail.com',2),(1098294,'ELSA ESTANISLAA DUARTE RIVEROS',2,NULL,9,'TITULAR','	En cuanto a salud velar por el cumplimento de la ley 1032/96 \r\n	Crear un mecanismo consultivo simple pero eficaz para el acceso a la información del gasto público municipal. \r\n	Crear un mecanismo para la formación y capacitación constantes de las comisiones vecinales. \r\n	Velar para el cumplimiento del ente municipal para con los Bomberos Voluntarios de Concepción. \r\n	Fortalecer el conservatorio municipal de música. \r\n	Utilizar recursos disponibles para dar soporte a familiares de pacientes internados por COVID19.\r\n',NULL,'1955-05-07','CONCEPCIÓN ','duarteelsa55@gmail.com',4),(1564790,'GRISCELDA MACIEL DE MORALES',2,NULL,13,'TITULAR','	Ser contralor a fin de Transparentar la utilización de los recursos económicos del Ejecutivo Municipal. \r\n	Gerenciar y buscar estrategias para optimizar los recursos económicos a fin de invertir en obras y proyectos sociales.\r\n	Acompañar a las comisiones de barrios, fomentando la participación ciudadana con compromiso y responsabilidad. \r\n	Apoyar ampliamente a través de proyectos todo lo referente a educación, salud, deporte, turismo y cultura. \r\n	Gestionar becas de estudios para los jóvenes de nuestro distrito. \r\n	Apoyar la participación de mis congéneres a través de las diferentes organizaciones de mujeres trabajadoras dentro del distrito de Concepción.\r\n','Griscelda Maciel.jpg','1970-07-11','CONCEPCIÓN ','grismaciel70hotmail.com',5),(1697406,'ANTONIO PEREZ RICARDI.',2,NULL,2023,'TITULAR',NULL,'Antonio Pérez Ricardi.jpg','1193-03-07','HORQUETA ','ap2134840@gmail.com',11),(1999241,'CECILIO ASUNCIÓN MARTÍNEZ ESCOBAR',2,NULL,13,'TITULAR','Mesas de trabajo interinstitucional para fortalecer los servicios básicos deficientes. \r\n2. Acompañar la gestión del Consejo Local de Salud. \r\n3. Fortalecer las comisiones vecinales para trabajo conjunto y las de Fomento apoyando las comisiones de producción rural. Gerenciar el mantenimiento constante de calles y caminos vecinales. \r\n4. Destinar los fondos de Fonacide con participación de Supervisores y Directores \r\n5. Apoyar el deporte amateur y la recreación acondicionando plazas y parques. \r\n6. Fortalecer la Escuela Taller, los Colegios técnicos con alianzas estratégicas. \r\n7. Apoyar las selecciones de la V azul en todas las modalidades. \r\n8. Fortalecer el servicio de recolección de residuos. \r\n9. Apoyar la reducción de dietas y gastos de representación del Concejal. 10. Brindar información transparente del actuar municipal a los contribuyentes\r\n','Cecilio Asunción Martínez Escobar.jpg','1974-08-15','CONCEPCIÓN ','cecamares@gmail.com',1),(2837172,'ÓSCAR PULCIANO CABRAL GUENS',2,NULL,10,'TITULAR','Como legislador municipal puedo someter a consideración las propuestas que tengo y no dependerán sólo de mí ninguna, sino más bien, de mis colegas y sobre todo del ejecutivo. Quiero apoyar las buenas propuestas venga del sector que venga siempre y cuando sea un bien para la comunidad. Transparencia en mi gestión. Apoyo a las múltiples necesidades sociales. Apoyo al deporte, la educación y la salud sobre todo lo demás. Los temas viales, industriales, y estructurales de la ciudad deben abordarse de a poco e ir dando solución en equipo desde la concejalía se puede propiciar estos puntos pero no se puede ser contundente debido a que se necesita de la coordinación y coherencia en la participación del resto de los concejales. La calidad humana, cultural y la formación de los compañeros podría facilitar llegar a soluciones prácticas e inteligentes de la problemática distrital en todos sus aspectos.','Oscar Pulciano Cabral Guens.jpeg','1980-06-03','CONCEPCIÓN','oscarcabral@hotmail.com',3),(2934298,'SILVIO ANDRÉS AYALA SANABRIA',2,NULL,22,'TITULAR','En materia administrativa: \r\n1) La necesidad de un estudio serio desde la Junta Municipal del Presupuesto Municipal, siendo urgente la reorganización y adecuación de los recursos hacia las necesidades más necesarias del municipio. \r\n2) Apostamos a la transparencia, legislar para que sea obligatorio hacer público y en tiempo real los ingresos y gastos municipales \"Lo público deber ser público\" \r\nEn materia de Educación:\r\n1) Promover un verdadero control serio y transparente de las inversiones provenientes de los recursos de Fonacide a fin de que sean realmente destinados a la educación, ya sea en infraestructura u otras necesidades. \r\n2) Gestionar que sea obligatorio la enseñanza en los colegios y universidades de la rama de derecho municipal a fin de que nuestros jóvenes tengan conocimiento de lo que conlleva pertenecer a un municipio y sobre todo manejar la normativa local, para lo cual es necesario gestionar ante las instancias pertinentes. \r\nEn materia de Salud: \r\n1) Desde el ámbito municipal, es primordial \"Poseer un marco legal que le de mayor funcionalidad y herramientas al Consejo Local de Salud\". \r\nEn materia de Obras Públicas y Planificación urbanístico \r\n1) Es necesario que el Municipio cuente con normas que regule y ordene seriamente su desarrollo urbano y territorial buscando evitar los problemas que se presentan debido a la falta de políticas claras sobre la cuestión. \r\n2) Es necesario analizar y proyectar el área urbano debido al crecimiento actual de la ciudad, estando ya desfasado las normas que lo regulan y que una vez actualizadas redundaran en una mejor planificación del municipio y por ente ayudara a la recaudación municipal que tendrá sus consecuencias en mayor cantidad de obras públicas. \r\n3) Es necesario una regulación y actualización del régimen de uso y ocupación del suelo. \r\n4) Es ineludible poseer reglas claras con relación a los loteamientos, que en gran medida, la poca seriedad en normas ha ayudado a la proliferación de loteamientos que no reúnen las condiciones legales, siendo actualmente un problema para los ciudadanos. \r\n5) Es ineludible trabajar por el mejoramiento de las calles de nuestra ciudad, situación que solamente será posible con gestión institucional y dando las herramientas legales a la Intendencia Municipal para ejecutar obras de mejoramiento de las arterias. \r\n6) Es ineludible la actualización del sistema de información catastral municipal. \r\n7) Es ineludible la gestión para la construcción y mantenimiento del sistema de desagüe pluvial de la ciudad, como también del sistema de defensa contra inundaciones, para lo cual es demasiado importante la labor legislativa en una gestión seria, eficaz y dinámica ante las autoridades nacionales en vista de que solamente es posible con recursos de otras instancias. \r\n8) Es necesario la regulación transparente y eficaz del sistema de recolección, disposición y tratamiento de residuos del municipio. \r\nEn Materia de Seguridad Vial \r\n1) La regulación del tránsito vehicular en las arterias de la ciudad, sigue siendo un tema pendiente en nuestra ciudad, para lo cual se necesita en primer lugar ordenanzas que reconozcas la problemática actual en lo vial y sobre todo plantee desde lo legislativo soluciones a estos inconvenientes. \r\n2) La problemática de los animales sueltos sigue siendo un gran inconveniente para nuestra ciudad, para lo cual además de una legislación que contemple la solución a los diferentes sectores, es necesario una gestión municipal buscando una solución coherente y que beneficie a todos, ya que no se puede dejar de atender que igualmente se debe buscar la solución para los propietarios de estos animales. \r\nEn materia de Ambiente: \r\n1) Establecer un marco legal que establezca la protección de los recursos naturales del municipio. Se debe entender que a pesar de estar penado una serie hechos que atentan contra la naturaleza, es igualmente de vital importancia establecer una política municipal clara de protección a estos recursos. \r\nEn materia de turismo: \r\n1) Incentivar el turismo fluvial es de vital importancia para generar recursos a los habitantes del municipio.\r\n','Silvio Andrés Ayala Sanabria.jpg','1979-04-26','CONCEPCIÓN','silvioandres79@gmail.com ',1),(2937758,'FÉLIX MIGUEL IBÁÑEZ QUEVEDO',2,NULL,2023,'TITULAR','	Cumplir fielmente y con honestidad mis deberes legales como concejal municipal. \r\n	Realizar una revisión de las Ordenanzas Municipales, para su actualización, en caso de que sea necesario. \r\n	Establecer la obligatoriedad de la participación ciudadana en la construcción de un presupuesto participativo, incluyendo proyectos comunitarios, para su ejecución. \r\n	Recibir las denuncias, la quejas de los ciudadanos con referencia a la gestión municipal.\r\n	Fomentar la creación y el fortalecimiento de organizaciones ciudadanas con el fin que tengan participación en el Gobierno Municipal, conforme lo establece la ley orgánica municipal. \r\n	Gestionar y viabilizar los proyectos encaminados por las comisiones vecinales \r\n	Asistir y asesorar a las diferentes comunidades componentes de nuestro distrito \r\n	Recibir Sugerencias Ciudadanas y convertirlos en resoluciones y Ordenanzas \r\n	Apoyar fuertemente al Consejo Local de Salud. \r\n	Crea el Fondo destinado al Cuerpos de Bomberos Voluntarios que prestan servicio en Concepción (ya existe, solo falta dar cumplimiento) \r\n	Regular el sistema de gestión integral de residuos sólidos urbanos (basuras) y promover su minimización, valorización y disposición controlada \r\n	Actualizar la Ordenanza de Tránsito, tendiente a su efectivo cumplimiento, especialmente en temas urgentes para la sociedad, como estacionamiento, sentido Único, Rotonda, semáforo, camiones Pesados, cruce peatonal, etc. \r\n	Establecer mecanismos de transparencia en la gestión municipal, facilitando el acceso a la información pública.\r\n','FelixMiguel Ibanez.jpeg','1979-03-30','CONCEPCIÓN ','felix_zp3@hotmail.com',4),(3350641,'PLACIDO VALDEZ CABAÑAS',2,NULL,13,'TITULAR','Generar fuente de trabajo.','Placido Valdez.jpg','1972-10-05','CONCEPCIÓN ','Placidovaldez980@gmail.com',6),(3351011,'JAVIER VERGARA RECALDE',2,NULL,22,'TITULAR','	Seguir trabajando a favor de nuestros Adultos Mayores (programa de la Tercera Edad), Desde la Junta Municipal ya hemos entregado más de 4 mil tarjetas. \r\n	Seguir haciendo las gestiones ante los distintos Ministerios para que más beneficio llegue a nuestro Distrito. \r\n	Seguir organizando y apoyando a las Comisiones Vecinales en los distintos barrios de nuestra ciudad. Velar por los recursos del Municipio (ser contralor). \r\n	Escuchar la voz de la ciudadanía para presentar minutas que luego que eso se transforme en ordenanzas.\r\n','Javier Bergara.jpeg','1981-01-08','CONCEPCIÓN ','javiervergararecalde@hotmail.com',8),(4050764,'JUAN MANUEL ESPINOLA MACIEL',2,NULL,36,'TITULAR','	Creación de una plataforma web/app que permita a los ciudadanos verificar los ingresos y egresos del municipio.\r\n	Transparentar todo el proceso de las licitaciones utilizando medios de comunicación, redes sociales página web oficial, otros.\r\n	Impulsar la creación de un Access Point que permita dar acceso a Internet a Colegios en zonas rurales y urbanas de zona periférica.\r\n','Juan Manuel Espinola Maciel.jpg','1993-01-04','CONCEPCIÓN','juanmadoteroo@gmail.com',10),(4190913,'BERNARDO VILLALBA AYALA',1,NULL,22,'TITULAR','a. Urbanización: a través del desarrollo y ejecución de proyectos de sustentabilidad tanto arquitectónico (pavimentado y/o asfaltado de calles; comisiones vecinales; recolección de basura; desagües pluviales o cuneteos, agua potable) así como socioeconómicos (casco comercial organizado) \r\nb. Salud: Brindar mayor eficiencia y cobertura en cuanto a salud a través del consejo distrital de la salud. Otorgando el protagonismo correspondiente para que juntos, en equipo podamos dar estos accesos a Toda la Ciudadanía. \r\nc. Reactivación De La Escuela Taller: el objetivo principal es brindar tanto a jóvenes como a adultos la posibilidad de acceder a educación de mandos medios con rápida salida laboral para que la inserción laboral respectiva pueda realizarse en corto plazo. \r\nd. Apoyo a Bomberos Voluntarios.\r\n','Bernardo Villalba Ayala.jpeg','1986-05-30','CONCEPCIÓN','berniv2021@gmail.com',1),(4951245,'ROBERT MARCELO VARGAS RECALDE',2,NULL,100,'TITULAR','Ayudar a realizar proyectos de: desagües y calles, salud pública (personas y animales), educación, deportes y apoyar a los artistas concepcioneros. ','Robert Marcelo Vargas Recalde.jpg','1993-05-04','CONCEPCIÓN ','robertvargasr559@gmail.com.',8),(5576975,'FELIX FERNANDO ZAVALA AYALA',2,NULL,10,'TITULAR','	Acompañar y trabajar con las comisiones vecinales para generar proyectos que benefician a los pobladores del barrio o compañía. \r\n	Fomentar las diferentes asociaciones y comités para poder conectar con empresas y así poder colocar sus productos. \r\n	Ordenamiento del tránsito, señalización, semáforos. \r\n	Gestionar la modernización del mercado municipal y terminal de ómnibus. \r\n	Gestionar la rehabilitación de espacios verdes para el esparcimiento y el turismo. Ejemplo: monumento al indio símbolo de la ciudad, monumento a María Auxiliadora, Puerto antiguo. \r\n	Proponer la creación de una Perrera Municipal o Corralón Municipal para animales sueltos y en situación de calle.\r\n','Fernando Zavala.jpg','1993-03-07','CONCEPCIÓN ','fernandozavala1993@gmail.com',12);
=======
insert  into `candidatos`(`ci`,`nomApe`,`codCand`,`presentacion`,`codMov`,`tipoCand`,`propuesta`,`img`,`fechaNac`,`lugarNac`,`email`,`orden`) values (528022,'MARIA DEL ROCIO FERNÁNDEZ DE SITJAR',2,NULL,36,'TITULAR','Estricta controlar de la Administración del Ejecutivo Municipal.','Rocio Sitjar.jpg','1957-11-09','CONCEPCIÓN ','rocio_sitjar@hotmail.com',3),(619919,'MARÍA ARMINDA BAZAN DE LÓPEZ',2,NULL,13,'TITULAR','	Educación, fortalecer concursos académicos. \r\n	Realización de festivales en los barrios. \r\n	Trabajo coordinado con supervisores, docentes. \r\n	Fortalecer los centros educativos. \r\n	Organizar las comisiones de barrios. \r\n	Medio ambiente: organizar trabajos de arborización.\r\n',NULL,'1960-05-09','HORQUETA ','Inidelopez@hotmail.com',2),(1098294,'ELSA ESTANISLAA DUARTE RIVEROS',2,NULL,9,'TITULAR','	En cuanto a salud velar por el cumplimento de la ley 1032/96 \r\n	Crear un mecanismo consultivo simple pero eficaz para el acceso a la información del gasto público municipal. \r\n	Crear un mecanismo para la formación y capacitación constantes de las comisiones vecinales. \r\n	Velar para el cumplimiento del ente municipal para con los Bomberos Voluntarios de Concepción. \r\n	Fortalecer el conservatorio municipal de música. \r\n	Utilizar recursos disponibles para dar soporte a familiares de pacientes internados por COVID19.\r\n',NULL,'1955-05-07','CONCEPCIÓN ','duarteelsa55@gmail.com',4),(1564790,'GRISCELDA MACIEL DE MORALES',2,NULL,13,'TITULAR','	Ser contralor a fin de Transparentar la utilización de los recursos económicos del Ejecutivo Municipal. \r\n	Gerenciar y buscar estrategias para optimizar los recursos económicos a fin de invertir en obras y proyectos sociales.\r\n	Acompañar a las comisiones de barrios, fomentando la participación ciudadana con compromiso y responsabilidad. \r\n	Apoyar ampliamente a través de proyectos todo lo referente a educación, salud, deporte, turismo y cultura. \r\n	Gestionar becas de estudios para los jóvenes de nuestro distrito. \r\n	Apoyar la participación de mis congéneres a través de las diferentes organizaciones de mujeres trabajadoras dentro del distrito de Concepción.\r\n','Griscelda Maciel.jpg','1970-07-11','CONCEPCIÓN ','grismaciel70hotmail.com',5),(1697406,'ANTONIO PEREZ RICARDI',2,NULL,2023,'TITULAR',NULL,'Antonio Pérez Ricardi.jpg','1193-03-07','HORQUETA ','ap2134840@gmail.com',11),(1999241,'CECILIO ASUNCIÓN MARTÍNEZ ESCOBAR',2,NULL,13,'TITULAR','Mesas de trabajo interinstitucional para fortalecer los servicios básicos deficientes. \r\n2. Acompañar la gestión del Consejo Local de Salud. \r\n3. Fortalecer las comisiones vecinales para trabajo conjunto y las de Fomento apoyando las comisiones de producción rural. Gerenciar el mantenimiento constante de calles y caminos vecinales. \r\n4. Destinar los fondos de Fonacide con participación de Supervisores y Directores \r\n5. Apoyar el deporte amateur y la recreación acondicionando plazas y parques. \r\n6. Fortalecer la Escuela Taller, los Colegios técnicos con alianzas estratégicas. \r\n7. Apoyar las selecciones de la V azul en todas las modalidades. \r\n8. Fortalecer el servicio de recolección de residuos. \r\n9. Apoyar la reducción de dietas y gastos de representación del Concejal. 10. Brindar información transparente del actuar municipal a los contribuyentes\r\n','Cecilio Asunción Martínez Escobar.jpg','1974-08-15','CONCEPCIÓN ','cecamares@gmail.com',1),(2837172,'ÓSCAR PULCIANO CABRAL GUENS',2,NULL,10,'TITULAR','Como legislador municipal puedo someter a consideración las propuestas que tengo y no dependerán sólo de mí ninguna, sino más bien, de mis colegas y sobre todo del ejecutivo. Quiero apoyar las buenas propuestas venga del sector que venga siempre y cuando sea un bien para la comunidad. Transparencia en mi gestión. Apoyo a las múltiples necesidades sociales. Apoyo al deporte, la educación y la salud sobre todo lo demás. Los temas viales, industriales, y estructurales de la ciudad deben abordarse de a poco e ir dando solución en equipo desde la concejalía se puede propiciar estos puntos pero no se puede ser contundente debido a que se necesita de la coordinación y coherencia en la participación del resto de los concejales. La calidad humana, cultural y la formación de los compañeros podría facilitar llegar a soluciones prácticas e inteligentes de la problemática distrital en todos sus aspectos.','Oscar Pulciano Cabral Guens.jpeg','1980-06-03','CONCEPCIÓN','oscarcabral@hotmail.com',3),(2934298,'SILVIO ANDRÉS AYALA SANABRIA',2,NULL,22,'TITULAR','En materia administrativa: \r\n1) La necesidad de un estudio serio desde la Junta Municipal del Presupuesto Municipal, siendo urgente la reorganización y adecuación de los recursos hacia las necesidades más necesarias del municipio. \r\n2) Apostamos a la transparencia, legislar para que sea obligatorio hacer público y en tiempo real los ingresos y gastos municipales \"Lo público deber ser público\" \r\nEn materia de Educación:\r\n1) Promover un verdadero control serio y transparente de las inversiones provenientes de los recursos de Fonacide a fin de que sean realmente destinados a la educación, ya sea en infraestructura u otras necesidades. \r\n2) Gestionar que sea obligatorio la enseñanza en los colegios y universidades de la rama de derecho municipal a fin de que nuestros jóvenes tengan conocimiento de lo que conlleva pertenecer a un municipio y sobre todo manejar la normativa local, para lo cual es necesario gestionar ante las instancias pertinentes. \r\nEn materia de Salud: \r\n1) Desde el ámbito municipal, es primordial \"Poseer un marco legal que le de mayor funcionalidad y herramientas al Consejo Local de Salud\". \r\nEn materia de Obras Públicas y Planificación urbanístico \r\n1) Es necesario que el Municipio cuente con normas que regule y ordene seriamente su desarrollo urbano y territorial buscando evitar los problemas que se presentan debido a la falta de políticas claras sobre la cuestión. \r\n2) Es necesario analizar y proyectar el área urbano debido al crecimiento actual de la ciudad, estando ya desfasado las normas que lo regulan y que una vez actualizadas redundaran en una mejor planificación del municipio y por ente ayudara a la recaudación municipal que tendrá sus consecuencias en mayor cantidad de obras públicas. \r\n3) Es necesario una regulación y actualización del régimen de uso y ocupación del suelo. \r\n4) Es ineludible poseer reglas claras con relación a los loteamientos, que en gran medida, la poca seriedad en normas ha ayudado a la proliferación de loteamientos que no reúnen las condiciones legales, siendo actualmente un problema para los ciudadanos. \r\n5) Es ineludible trabajar por el mejoramiento de las calles de nuestra ciudad, situación que solamente será posible con gestión institucional y dando las herramientas legales a la Intendencia Municipal para ejecutar obras de mejoramiento de las arterias. \r\n6) Es ineludible la actualización del sistema de información catastral municipal. \r\n7) Es ineludible la gestión para la construcción y mantenimiento del sistema de desagüe pluvial de la ciudad, como también del sistema de defensa contra inundaciones, para lo cual es demasiado importante la labor legislativa en una gestión seria, eficaz y dinámica ante las autoridades nacionales en vista de que solamente es posible con recursos de otras instancias. \r\n8) Es necesario la regulación transparente y eficaz del sistema de recolección, disposición y tratamiento de residuos del municipio. \r\nEn Materia de Seguridad Vial \r\n1) La regulación del tránsito vehicular en las arterias de la ciudad, sigue siendo un tema pendiente en nuestra ciudad, para lo cual se necesita en primer lugar ordenanzas que reconozcas la problemática actual en lo vial y sobre todo plantee desde lo legislativo soluciones a estos inconvenientes. \r\n2) La problemática de los animales sueltos sigue siendo un gran inconveniente para nuestra ciudad, para lo cual además de una legislación que contemple la solución a los diferentes sectores, es necesario una gestión municipal buscando una solución coherente y que beneficie a todos, ya que no se puede dejar de atender que igualmente se debe buscar la solución para los propietarios de estos animales. \r\nEn materia de Ambiente: \r\n1) Establecer un marco legal que establezca la protección de los recursos naturales del municipio. Se debe entender que a pesar de estar penado una serie hechos que atentan contra la naturaleza, es igualmente de vital importancia establecer una política municipal clara de protección a estos recursos. \r\nEn materia de turismo: \r\n1) Incentivar el turismo fluvial es de vital importancia para generar recursos a los habitantes del municipio.\r\n','Silvio Andrés Ayala Sanabria.jpg','1979-04-26','CONCEPCIÓN','silvioandres79@gmail.com ',1),(2937758,'FÉLIX MIGUEL IBÁÑEZ QUEVEDO',2,NULL,2023,'TITULAR','	Cumplir fielmente y con honestidad mis deberes legales como concejal municipal. \r\n	Realizar una revisión de las Ordenanzas Municipales, para su actualización, en caso de que sea necesario. \r\n	Establecer la obligatoriedad de la participación ciudadana en la construcción de un presupuesto participativo, incluyendo proyectos comunitarios, para su ejecución. \r\n	Recibir las denuncias, la quejas de los ciudadanos con referencia a la gestión municipal.\r\n	Fomentar la creación y el fortalecimiento de organizaciones ciudadanas con el fin que tengan participación en el Gobierno Municipal, conforme lo establece la ley orgánica municipal. \r\n	Gestionar y viabilizar los proyectos encaminados por las comisiones vecinales \r\n	Asistir y asesorar a las diferentes comunidades componentes de nuestro distrito \r\n	Recibir Sugerencias Ciudadanas y convertirlos en resoluciones y Ordenanzas \r\n	Apoyar fuertemente al Consejo Local de Salud. \r\n	Crea el Fondo destinado al Cuerpos de Bomberos Voluntarios que prestan servicio en Concepción (ya existe, solo falta dar cumplimiento) \r\n	Regular el sistema de gestión integral de residuos sólidos urbanos (basuras) y promover su minimización, valorización y disposición controlada \r\n	Actualizar la Ordenanza de Tránsito, tendiente a su efectivo cumplimiento, especialmente en temas urgentes para la sociedad, como estacionamiento, sentido Único, Rotonda, semáforo, camiones Pesados, cruce peatonal, etc. \r\n	Establecer mecanismos de transparencia en la gestión municipal, facilitando el acceso a la información pública.\r\n','FelixMiguel Ibanez.jpeg','1979-03-30','CONCEPCIÓN ','felix_zp3@hotmail.com',4),(3350641,'PLACIDO VALDEZ CABAÑAS',2,NULL,13,'TITULAR','Generar fuente de trabajo.','Placido Valdez.jpg','1972-10-05','CONCEPCIÓN ','Placidovaldez980@gmail.com',6),(3351011,'JAVIER VERGARA RECALDE',2,NULL,22,'TITULAR','	Seguir trabajando a favor de nuestros Adultos Mayores (programa de la Tercera Edad), Desde la Junta Municipal ya hemos entregado más de 4 mil tarjetas. \r\n	Seguir haciendo las gestiones ante los distintos Ministerios para que más beneficio llegue a nuestro Distrito. \r\n	Seguir organizando y apoyando a las Comisiones Vecinales en los distintos barrios de nuestra ciudad. Velar por los recursos del Municipio (ser contralor). \r\n	Escuchar la voz de la ciudadanía para presentar minutas que luego que eso se transforme en ordenanzas.\r\n','Javier Bergara.jpeg','1981-01-08','CONCEPCIÓN ','javiervergararecalde@hotmail.com',8),(4050764,'JUAN MANUEL ESPINOLA MACIEL',2,NULL,36,'TITULAR','	Creación de una plataforma web/app que permita a los ciudadanos verificar los ingresos y egresos del municipio.\r\n	Transparentar todo el proceso de las licitaciones utilizando medios de comunicación, redes sociales página web oficial, otros.\r\n	Impulsar la creación de un Access Point que permita dar acceso a Internet a Colegios en zonas rurales y urbanas de zona periférica.\r\n','Juan Manuel Espinola Maciel.jpg','1993-01-04','CONCEPCIÓN','juanmadoteroo@gmail.com',10),(4190913,'BERNARDO VILLALBA AYALA',1,NULL,22,'TITULAR','a. Urbanización: a través del desarrollo y ejecución de proyectos de sustentabilidad tanto arquitectónico (pavimentado y/o asfaltado de calles; comisiones vecinales; recolección de basura; desagües pluviales o cuneteos, agua potable) así como socioeconómicos (casco comercial organizado) \r\nb. Salud: Brindar mayor eficiencia y cobertura en cuanto a salud a través del consejo distrital de la salud. Otorgando el protagonismo correspondiente para que juntos, en equipo podamos dar estos accesos a Toda la Ciudadanía. \r\nc. Reactivación De La Escuela Taller: el objetivo principal es brindar tanto a jóvenes como a adultos la posibilidad de acceder a educación de mandos medios con rápida salida laboral para que la inserción laboral respectiva pueda realizarse en corto plazo. \r\nd. Apoyo a Bomberos Voluntarios.\r\n','Bernardo Villalba Ayala.jpeg','1986-05-30','CONCEPCIÓN','berniv2021@gmail.com',1),(4951245,'ROBERT MARCELO VARGAS RECALDE',2,NULL,100,'TITULAR','Ayudar a realizar proyectos de: desagües y calles, salud pública (personas y animales), educación, deportes y apoyar a los artistas concepcioneros. ','Robert Marcelo Vargas Recalde.jpg','1993-05-04','CONCEPCIÓN ','robertvargasr559@gmail.com.',8),(4966859,'DIANA ANDREA ACOSTA PAVON',2,NULL,NULL,'TITULAR','Mejorar las calles de Concepción \r\n',NULL,'1989-09-04','CONCEPCIÓN ','diana.acostap089\r\n',NULL),(5576975,'FELIX FERNANDO ZAVALA AYALA',2,NULL,10,'TITULAR','	Acompañar y trabajar con las comisiones vecinales para generar proyectos que benefician a los pobladores del barrio o compañía. \r\n	Fomentar las diferentes asociaciones y comités para poder conectar con empresas y así poder colocar sus productos. \r\n	Ordenamiento del tránsito, señalización, semáforos. \r\n	Gestionar la modernización del mercado municipal y terminal de ómnibus. \r\n	Gestionar la rehabilitación de espacios verdes para el esparcimiento y el turismo. Ejemplo: monumento al indio símbolo de la ciudad, monumento a María Auxiliadora, Puerto antiguo. \r\n	Proponer la creación de una Perrera Municipal o Corralón Municipal para animales sueltos y en situación de calle.\r\n','Fernando Zavala.jpg','1993-03-07','CONCEPCIÓN ','fernandozavala1993@gmail.com',12);
>>>>>>> Stashed changes

UNLOCK TABLES;

/*Table structure for table `candidatura` */

DROP TABLE IF EXISTS `candidatura`;

CREATE TABLE `candidatura` (
  `codCand` int(11) NOT NULL,
  `descripcion` varchar(24) DEFAULT NULL,
  PRIMARY KEY (`codCand`)
) ENGINE=InnoDB DEFAULT CHARSET=utf8mb4;

/*Data for the table `candidatura` */

LOCK TABLES `candidatura` WRITE;

insert  into `candidatura`(`codCand`,`descripcion`) values (1,'INTENDENTE MUNICIPAL\r\n'),(2,'JUNTA MUNICIPAL\r\n');

UNLOCK TABLES;

/*Table structure for table `contacto` */

DROP TABLE IF EXISTS `contacto`;

CREATE TABLE `contacto` (
  `idContacto` int(11) NOT NULL AUTO_INCREMENT,
  `codDetalle` int(11) DEFAULT NULL,
  `numCntacto` int(11) DEFAULT NULL,
  PRIMARY KEY (`idContacto`),
  KEY `codDetalle` (`codDetalle`),
  CONSTRAINT `contacto_ibfk_1` FOREIGN KEY (`codDetalle`) REFERENCES `candidatodetalle` (`codDetalle`)
) ENGINE=InnoDB AUTO_INCREMENT=20 DEFAULT CHARSET=utf8mb4;

/*Data for the table `contacto` */

LOCK TABLES `contacto` WRITE;

<<<<<<< Updated upstream
=======
insert  into `contacto`(`idContacto`,`codDetalle`,`numCntacto`) values (1,3,985335273),(2,0,971801011),(3,5,981578557),(4,12,983476427),(6,8,983686061),(7,9,971815637),(8,4,985650005),(9,11,971574154),(10,6,971587397),(11,7,971822155),(13,14,991921478),(14,1,331),(15,1,981672455),(16,10,971834653),(17,13,971280519),(19,2,971802450);

>>>>>>> Stashed changes
UNLOCK TABLES;

/*Table structure for table `departamentos` */

DROP TABLE IF EXISTS `departamentos`;

CREATE TABLE `departamentos` (
  `codDep` int(11) NOT NULL,
  `departamento` varchar(24) NOT NULL,
  PRIMARY KEY (`codDep`)
) ENGINE=InnoDB DEFAULT CHARSET=utf8mb4;

/*Data for the table `departamentos` */

LOCK TABLES `departamentos` WRITE;

insert  into `departamentos`(`codDep`,`departamento`) values (1,'CONCEPCIÓN');

UNLOCK TABLES;

/*Table structure for table `distritos` */

DROP TABLE IF EXISTS `distritos`;

CREATE TABLE `distritos` (
  `codDist` int(11) NOT NULL,
  `codDep` int(11) DEFAULT NULL,
  `distrito` varchar(64) DEFAULT NULL,
  PRIMARY KEY (`codDist`),
  KEY `codDep` (`codDep`),
  CONSTRAINT `distritos_ibfk_1` FOREIGN KEY (`codDep`) REFERENCES `departamentos` (`codDep`)
) ENGINE=InnoDB DEFAULT CHARSET=utf8mb4;

/*Data for the table `distritos` */

LOCK TABLES `distritos` WRITE;

insert  into `distritos`(`codDist`,`codDep`,`distrito`) values (0,1,'CONCEPCIÓN');

UNLOCK TABLES;

/*Table structure for table `movimientos` */

DROP TABLE IF EXISTS `movimientos`;

CREATE TABLE `movimientos` (
  `codMov` int(11) NOT NULL,
  `codDist` int(11) DEFAULT NULL,
  `nombMov` varchar(64) DEFAULT NULL,
  `codPartido` int(11) DEFAULT NULL,
  `siglas` varchar(12) DEFAULT NULL,
  `img` varchar(64) DEFAULT NULL,
  PRIMARY KEY (`codMov`),
  KEY `codDist` (`codDist`),
  KEY `codPartido` (`codPartido`),
  CONSTRAINT `movimientos_ibfk_1` FOREIGN KEY (`codDist`) REFERENCES `distritos` (`codDist`),
  CONSTRAINT `movimientos_ibfk_2` FOREIGN KEY (`codPartido`) REFERENCES `partidopolitico` (`codPartido`)
) ENGINE=InnoDB DEFAULT CHARSET=utf8mb4;

/*Data for the table `movimientos` */

LOCK TABLES `movimientos` WRITE;

insert  into `movimientos`(`codMov`,`codDist`,`nombMov`,`codPartido`,`siglas`,`img`) values (9,0,'FRENTE DE INTEGRACION LIBERAL',1,'FIL',NULL),(10,0,'ESPERANZA REPUBLICANA',2,'ER',NULL),(13,0,'FRENTE DE INTEGRACION LIBERAL DE CIUDADANOS ORGANIZADOS',1,'FILCO',NULL),(22,0,'REIVINDICACIÓN PUBLICANA',2,'MRR',NULL),(36,0,'FUERZA RENOVADORA REPUBLICANA',2,'FRR',NULL),(100,0,'DIALOGO AZUL',1,'DA',NULL),(2023,0,'FRENTE NUEVAS IDEAS',1,'FNI',NULL);

UNLOCK TABLES;

/*Table structure for table `partidopolitico` */

DROP TABLE IF EXISTS `partidopolitico`;

CREATE TABLE `partidopolitico` (
  `codPartido` int(11) NOT NULL,
  `descrPart` varchar(64) DEFAULT NULL,
  `siglas` char(8) DEFAULT NULL,
  PRIMARY KEY (`codPartido`)
) ENGINE=InnoDB DEFAULT CHARSET=utf8mb4;

/*Data for the table `partidopolitico` */

LOCK TABLES `partidopolitico` WRITE;

insert  into `partidopolitico`(`codPartido`,`descrPart`,`siglas`) values (1,'PARTIDO LIBERAL RADICAL AUTÉNTICO','PLRA'),(2,'ASOCIACIÓN NACIONAL REPUBLICANA - PARTIDO COLORADO','ANR');

UNLOCK TABLES;

/*Table structure for table `preguntas` */

DROP TABLE IF EXISTS `preguntas`;

CREATE TABLE `preguntas` (
  `idPreg` int(11) NOT NULL,
  `detPreg` tinytext DEFAULT NULL,
  PRIMARY KEY (`idPreg`)
) ENGINE=InnoDB DEFAULT CHARSET=utf8mb4;

/*Data for the table `preguntas` */

LOCK TABLES `preguntas` WRITE;

insert  into `preguntas`(`idPreg`,`detPreg`) values (1,'¿Cuál fue su trabajo o actividad anterior a ser pre candidato a Concejal?'),(2,'¿Cuáles son sus propuestas como pre candidato a Concejal?'),(3,'¿Cuáles cree que son los principales desafíos o problemas a resolver en el municipio o Comunidad para los próximos años?'),(4,'¿Cuáles son las actividades que realizará para acercarse a los ciudadanos y promover la participación ciudadana a futuro?'),(5,'¿Cómo afrontará la corrupción desde su nuevo cargo?'),(6,'¿Un mensaje corto que quiera dejar a la ciudadanía?'),(7,'Describa brevemente por qué un ciudadano debería votar por Usted.');

UNLOCK TABLES;

/*Table structure for table `redessociales` */

DROP TABLE IF EXISTS `redessociales`;

CREATE TABLE `redessociales` (
  `codRedes` int(11) NOT NULL,
<<<<<<< Updated upstream
  `redSocial` enum('FACEBOOK','INSTAGRAM','TWITTER') DEFAULT NULL,
=======
  `redSocial` enum('FACEBOOK','INSTAGRAM','TWITTER','YOUTUBE') DEFAULT NULL,
>>>>>>> Stashed changes
  `url` varchar(255) DEFAULT NULL,
  `codDetalle` int(11) DEFAULT NULL,
  PRIMARY KEY (`codRedes`),
  KEY `codDetalle` (`codDetalle`),
  CONSTRAINT `redessociales_ibfk_1` FOREIGN KEY (`codDetalle`) REFERENCES `candidatodetalle` (`codDetalle`)
) ENGINE=InnoDB DEFAULT CHARSET=utf8mb4;

/*Data for the table `redessociales` */

LOCK TABLES `redessociales` WRITE;

<<<<<<< Updated upstream
insert  into `redessociales`(`codRedes`,`redSocial`,`url`,`codDetalle`) values (0,'FACEBOOK','https://www.facebook.com/silvio.ayala.58',0);
=======
insert  into `redessociales`(`codRedes`,`redSocial`,`url`,`codDetalle`) values (0,'FACEBOOK','https://www.facebook.com/silvio.ayala.58',0),(1,'FACEBOOK','Fercho Zavala 2021',3),(2,'INSTAGRAM','Fercho Zavala ',3),(3,'TWITTER','@FerchoZavalaa',3),(4,'FACEBOOK','https://www.facebook.com/antonio.perezricardi.5\r\n',12),(5,'TWITTER','@oscarcabralconcejal',4),(6,'INSTAGRAM','@berni.2021 ',2),(7,'FACEBOOK','Berni Villalba Intendente 2021',2),(8,'FACEBOOK','https://www.facebook.com/profile.php?id=100008214485607',6),(9,'FACEBOOK','Javier Vergara',1),(10,'FACEBOOK','https://www.facebook.com/jespinola3',5),(11,'INSTAGRAM','https://www.instagram.com/invites/contact/?i=h5soyy4hug1k&utm_content=io3cxe',5),(12,'TWITTER','https://twitter.com/PyJuanma?s=01 ',5),(13,'FACEBOOK','Rocio Sitjar Concejal',8),(14,'FACEBOOK','Cecilio Asunción Martínez Escobar',7),(15,'FACEBOOK','https://www.facebook.com/grisma07',9),(16,'FACEBOOK','Marìa Arminda Bazan De López',10),(17,'FACEBOOK','Placiodo Valdez cabañas',11),(18,'FACEBOOK','https://www.facebook.com/robert.vargas.dy ',14),(19,'INSTAGRAM','https://twitter.com/kingticox/status/1320040603741204480?s=21 ',14),(20,'TWITTER','https://instagram.com/kingticox?igshid=1e9n9dbgxytbr ',14),(21,'FACEBOOK','Felix Ibañez ',13),(22,'INSTAGRAM','felix_zp3 ',13);

UNLOCK TABLES;
>>>>>>> Stashed changes

UNLOCK TABLES;

/*Table structure for table `respuestas` */

DROP TABLE IF EXISTS `respuestas`;

CREATE TABLE `respuestas` (
  `idResp` int(11) NOT NULL AUTO_INCREMENT,
  `idPreg` int(11) DEFAULT NULL,
  `detResp` text DEFAULT NULL,
  `ci` int(11) DEFAULT NULL,
  PRIMARY KEY (`idResp`),
  KEY `idPreg` (`idPreg`),
  KEY `ci` (`ci`),
  CONSTRAINT `respuestas_ibfk_1` FOREIGN KEY (`idPreg`) REFERENCES `preguntas` (`idPreg`),
  CONSTRAINT `respuestas_ibfk_2` FOREIGN KEY (`ci`) REFERENCES `candidatos` (`ci`)
) ENGINE=InnoDB AUTO_INCREMENT=109 DEFAULT CHARSET=utf8mb4;

/*Data for the table `respuestas` */

LOCK TABLES `respuestas` WRITE;

insert  into `respuestas`(`idResp`,`idPreg`,`detResp`,`ci`) values (1,1,'Docente Universitario - Asesor en asuntos jurídicos - Asesor en cuestiones legislativas. ',2934298),(2,2,'En materia administrativa: \r\n1) La necesidad de un estudio serio desde la Junta Municipal del Presupuesto Municipal, siendo urgente la reorganización y adecuación de los recursos hacia las necesidades mas necesarias del municipio. \r\n2) Apostamos a la transparencia, legislar para que sea obligatorio hacer publico y en tiempo real los ingresos y gastos municipales \"Lo publico deber ser publico\" \r\nEn materia de Educación:\r\n1) Promover un verdadero control serio y transparente de las inversiones provenientes de los recursos de Fonacide a fin de que sean realmente destinados a la educación, ya sea en infraestructura u otras necesidades. \r\n2) Gestionar que sea obligatorio la enseñanza en los colegios y universidades de la rama de derecho municipal a fin de que nuestros jóvenes tengan conocimiento de lo que conlleva pertenecer a un municipio y sobre todo manejar la normativa local, para lo cual es necesario gestionar ante las instancias pertinentes. \r\nEn materia de Salud: \r\n1) Desde el ámbito municipal, es primordial \"Poseer un marco legal que le de mayor funcionalidad y herramientas al Consejo Local de Salud\". \r\nEn materia de Obras Públicas y Planificación urbanístico \r\n1) Es necesario que el Municipio cuente con normas que regule y ordene seriamente su desarrollo urbano y territorial buscando evitar los problemas que se presentan debido a la falta de políticas claras sobre la cuestión. \r\n2) Es necesario analizar y proyectar el área urbano debido al crecimiento actual de la ciudad, estando ya desfasado las normas que lo regulan y que una vez actualizadas redundaran en una mejor planificación del municipio y por ente ayudara a la recaudación municipal que tendrá sus consecuencias en mayor cantidad de obras públicas. \r\n3) Es necesario una regulación y actualización del régimen de uso y ocupación del suelo. \r\n4) Es ineludible poseer reglas claras con relación a los loteamientos, que en gran medida, la poca seriedad en normas ha ayudado a la proliferación de loteamientos que no reúnen las condiciones legales, siendo actualmente un problema para los ciudadanos. \r\n5) Es ineludible trabajar por el mejoramiento de las calles de nuestra ciudad, situación que solamente será posible con gestión institucional y dando las herramientas legales a la Intendencia Municipal para ejecutar obras de mejoramiento de las arterias. \r\n6) Es ineludible la actualización del sistema de información catastral municipal. \r\n7) Es ineludible la gestión para la construcción y mantenimiento del sistema de desagüe pluvial de la ciudad, como también del sistema de defensa contra inundaciones, para lo cual es demasiado importante la labor legislativa en una gestión seria, eficaz y dinámica ante las autoridades nacionales en vista de que solamente es posible con recursos de otras instancias. \r\n8) Es necesario la regulación transparente y eficaz del sistema de recolección, disposición y tratamiento de residuos del municipio. \r\nEn Materia de Seguridad Vial \r\n1) La regulación del tránsito vehicular en las arterias de la ciudad, sigue siendo un tema pendiente en nuestra ciudad, para lo cual se necesita en primer lugar ordenanzas que reconozcas la problemática actual en lo vial y sobre todo plantee desde lo legislativo soluciones a estos inconvenientes. \r\n2) La problemática de los animales sueltos sigue siendo un gran inconveniente para nuestra ciudad, para lo cual además de una legislación que contemple la solución a los diferentes sectores, es necesario una gestión municipal buscando una solución coherente y que beneficie a todos, ya que no se puede dejar de atender que igualmente se debe buscar la solución para los propietarios de estos animales. \r\nEn materia de Ambiente: \r\n1) Establecer un marco legal que establezca la protección de los recursos naturales del municipio. Se debe entender que a pesar de estar penado una serie hechos que atentan contra la naturaleza, es igualmente de vital importancia establecer una política municipal clara de protección a estos recursos. \r\nEn materia de turismo: \r\n1) Incentivar el turismo fluvial es de vital importancia para generar recursos a los habitantes del municipio.\r\n',2934298),(3,3,'En primer lugar, buscar la transparencia administrativa. Buscar que la ciudadanía se involucre seriamente en el ámbito municipal con propuestas realizables. Gestionar desde la Junta Municipal lo referente al mejoramiento de las arterias de la ciudad, y consecuentemente los demás problemas viales. Atender la cuestión referente al desarrollo urbano y territorial del municipio. El problema de los residuos sólidos (Basuras domiciliarias)',2934298),(4,4,'Es fundamental que funcione la Comisiones Vecinales y Juntas Comunales de Vecinos a los efectos de canalizar por esta vía las inquietudes ciudadanas, debiendo para el efecto mantener desde lo legislativo una relación fluida con las mismas, siendo necesarias reuniones programadas constantemente. Además, no se puede negar que en la actualidad las redes sociales constituyen un recurso valido de expresión ciudadano, en consecuencia, se deberá atender la preocupaciones que llegan por esta vía y dar respuestas a las mismas, En temas transcendentales, llamar a audiencias públicas a fin de conocer el parecer de la ciudadanía. Dar participación a los gremios reconocidos, como también a los estudiantes universitarios en cuestiones municipales.',2934298),(5,5,'Con la transparencia, es decir hacer público lo público, y consecuentemente si se presentase hechos que ameritan denunciar ante las instancias pertinentes, realizarlo como corresponde en derecho. ',2934298),(6,6,'Participa, haz que pase....tú eliges a tus autoridades. ',2934298),(7,7,'Por la capacidad, por la idoneidad y por las propuestas serias que se plantean. ',2934298),(8,1,'La actividad inmediata anterior es el ejercicio de mi profesión de abogado.',4190913),(9,2,'a. Urbanización: a través del desarrollo y ejecución de proyectos de sustentabilidad tanto arquitectónico (pavimentado y/o asfaltado de calles; comisiones vecinales; recolección de basura; desagües pluviales o cuneteos, agua potable) así como socioeconómicos (casco comercial organizado) \r\nb. Salud: Brindar mayor eficiencia y cobertura en cuanto a salud a través del consejo distrital de la salud. Otorgando el protagonismo correspondiente para que juntos, en equipo podamos dar estos accesos a Toda la Ciudadanía. \r\nc. Reactivación De La Escuela Taller: el objetivo principal es brindar tanto a jóvenes como a adultos la posibilidad de acceder a educación de mandos medios con rápida salida laboral para que la inserción laboral respectiva pueda realizarse en corto plazo. \r\n',4190913),(10,3,'Los principales desafíos que tenemos en la comunidad es la falta de transparencia de la administración de los recursos con lo que contamos; las deudas contraídas; definir un mecanismo para lograr un desarrollo socio-económico sostenible a través de dirigencias, alianzas estratégicas tanto con entes nacionales como internacionales para poder levantarlos. Así como la inyección económica a través del sector privado, quienes podrán invertir en la ciudad generando fuente de empleo digno para toda la ciudadanía, así como ya se está haciendo en el distrito, como por ejemplo lo hace la planta de celulosa.',4190913),(11,4,'La principal actividad es acercarnos a las familias y a la ciudanía en general, considerando todo el protocolo sanitario para que de esta forma podamos hacerles llegar nuestro proyecto. Concepción necesita un cambio, y esto debe verse reflejado en la estrategia del proyecto presentado considerando todos los desafíos que asumiremos y el objetivo que se logrará a través de una gestión transparente y eficiente.',4190913),(12,5,'Mediante una administración transparente, una auditoría al inicio de la asunción de los trabajos y con posterioridad a eso mediante una rendición de cuenta con la participación conjunta de todas las comisiones, una participación activa de la ciudadanía en el manejo de los bienes públicos.',4190913),(13,6,'Hoy es el momento de lograr el cambio, hoy es el momento de la alternancia, la oportunidad que cada uno tenemos de lograr el progreso y desarrollo que anhelamos desde ya hace tiempo, tu apoyo es imprescindible, tu voto hará la diferencia.',4190913),(14,7,'Porque sé que cada ciudadano/a se identifica con mis ganas de desarrollo y progreso sobre todo, el cambio en la administración pública es necesario, y considero tener los valores, la formación profesional y la empatía para lograr una eficiente y por sobre todo transparente administración.',4190913),(15,1,'Comunicador Social en diferentes medios de la ciudad.',5576975),(16,2,'	Acompañar y trabajar con las comisiones vecinales para generar proyectos que benefician a los pobladores del barrio o compañía. \r\n	Fomentar las diferentes asociaciones y comités para poder conectar con empresas y así poder colocar sus productos. \r\n	Ordenamiento del tránsito, señalización, semáforos. \r\n	Gestionar la modernización del mercado municipal y terminal de ómnibus. \r\n	Gestionar la rehabilitación de espacios verdes para el esparcimiento y el turismo. Ejemplo: monumento al indio símbolo de la ciudad, monumento a María Auxiliadora, Puerto antiguo. \r\n	Proponer la creación de una Perrera Municipal o Corralón Municipal para animales sueltos y en situación de calle.\r\n',5576975),(17,3,'	La infraestructura vial. \r\n	Desagües Pluviales. \r\n	Ordenamiento de la ciudad.\r\n',5576975),(18,4,'Realizando reuniones en los diferentes barrios y comunidades y promover audiencias públicas con todas las autoridades y así escuchar la necesidad y elaborar o gestionar proyectos que beneficie a la ciudadanía en general.',5576975),(19,5,'El rol principal de un concejal es ser el contralor de los bienes públicos, cuando encuentre alguna irregularidad haré la denuncia correspondiente en el pleno de la junta y en el Ministerio Público.',5576975),(20,6,'Queremos hacer una política diferente, buscar el bien común para todos, buscar proyectos de gran envergadura que realmente tenga un impacto a corto, mediano y largo plazo.',5576975),(21,7,'Queremos cambiar la historia de Concepción, somos capital departamental ciudad cabecera y vamos a trabajar para conseguir una nueva Concepción. Vamos a pelear por una ciudad ordenada, limpia, saludable y atractiva para inversionistas.',5576975),(22,1,'	Gerente General - Autoparque Concepción.\r\n	Gerente Propietario - La Norteña Comercial\r\n	Gerente General - OCESA ( Óscar Cabral Emprendimientos S.A. ) Concepción.\r\n',2837172),(23,2,'Como legislador municipal puedo someter a consideración las propuestas que tengo y no dependerán sólo de mí ninguna, sino más bien, de mis colegas y sobre todo del ejecutivo. Quiero apoyar las buenas propuestas venga del sector que venga siempre y cuando sea un bien para la comunidad. Transparencia en mi gestión. Apoyo a las múltiples necesidades sociales. Apoyo al deporte, la educación y la salud sobre todo lo demás. Los temas viales, industriales, y estructurales de la ciudad deben abordarse de a poco e ir dando solución en equipo desde la concejalía se puede propiciar estos puntos pero no se puede ser contundente debido a que se necesita de la coordinación y coherencia en la participación del resto de los concejales. La calidad humana, cultural y la formación de los compañeros podría facilitar llegar a soluciones prácticas e inteligentes de la problemática distrital en todos sus aspectos.',2837172),(24,3,'La corrupción, la falta de transparencia, el personalismo, el revanchismo partidario en la lucha por el poder que hace olvidar el objetivo principal que es la Ciudad de Concepción en este caso, la educación vial, los desagües pluviales en coordinación con la pavimentación, la salud pública, el gasto institucional y el cuoteo político serían los principales entre muchos más. ',2837172),(25,4,'En pandemia es muy difícil hablar de actividades cuando aún todo es muy incierto. Podría mencionar un montón de actividades pero es totalmente relativa a la situación de la pandemia y cómo se va encarando por de pronto las redes son una buena opción y el apoyo institucional a todas las cuestiones sociales que están en aumento por la misma situación que vivimos a nivel mundial. sin embargo un buen desempeño en las funciones es excelente incentivo a promover la participación ciudadana.',2837172),(26,5,'Principalmente no siendo corrupto. Difícilmente en nuestro pueblo se puede decidir por los actos de los demás pero si se puede no ser uno de ellos. Además no propiciar la corrupcion, no ayudar a que aumente y si se tiene las pruebas necesarias denunciar. Muchas veces los mismos órganos contralores son los corruptos. Un movimiento inteligente donde la ciudadanía termine ganando es la mejor opción en tiempos donde lo inteligente es tan poco valorado y la violencia está a la orden del día',2837172),(27,6,'Sean partícipes del cambio. No es suficiente protestar, también hay que entrar en la cancha y jugar. ',2837172),(29,7,'Porque soy una opción no política que representa a todos los que estamos cansados de ver la misma gente en los mismos cargos dirigidos por los mismos líderes y teniendo los mismos resultados. Soy parte del verdadero cambio por que jamás interactúe con la politiquería. Cada pueblo tiene los gobernantes que se merece dice un dicho y yo quiero creer que el pueblo debe gobernar si se inmiscuye en estas cuestiones y forma parte activa del verdadero cambio que es desde adentro. ',2837172),(30,1,'Abogado - Concejal Municipal actual',3351011),(31,2,'	Seguir trabajando a favor de nuestros Adultos Mayores (programa de la Tercera Edad), Desde la Junta Municipal ya hemos entregado más de 4 mil tarjetas. \r\n	Seguir haciendo las gestiones ante los distintos Ministerios para que más beneficio llegue a nuestro Distrito. \r\n	Seguir organizando y apoyando a las Comisiones Vecinales en los distintos barrios de nuestra ciudad. Velar por los recursos del Municipio (ser contralor). \r\n	Escuchar la voz de la ciudadanía para presentar minutas que luego que eso se transforme en ordenanzas.\r\n',3351011),(32,3,'Que se utilice correctamente los recursos y que se realicen las obras dentro del distrito de Concepción. ',3351011),(33,4,'Reuniones constantes con las comisiones vecinales en los distintos barrios e invitar a los representantes de las comisiones vecinales a participar en las sesiones de la Junta Municipal. ',3351011),(34,5,'Integrando la Comisión de Legislación y Hacienda y revisar y controlar la manera que el Ejecutivo Municipal está utilizando los recursos. Realizar las denuncias ante las instituciones correspondientes como siempre lo realice en estos 6 años que estoy como Concejal Municipal. ',3351011),(35,6,'Que siga confiando en mi persona. Que seguiré realizando las gestiones ante los Ministerios a favor de la ciudadanía, seguiré trabajando incansablemente en el Programa de la Tercera Edad para que más Adultos Mayores accedan al programa para poder percibir su pensión que por Ley le corresponde. Que seguiré denunciando si existe irregularidad en la Administración Municipal, así como lo hicimos hace 2 años atrás, aprobando el pedido de intervención de la Municipalidad (Lastimosamente por cuestiones políticas los Diputados rechazaron nuestro pedido en la Cámara de Diputados). Estos 6 años en la Junta Municipal me ha dado vasta experiencia para ser el primer y mejor contralor de los Recursos del Municipio. No los voy a defraudar. Juntos podemos. Saludos a todos mis amigos, a mis correligionarios y a la ciudadanía en general',3351011),(36,7,'Ya he demostrado que puedo ser un buen contralor. Siempre hemos denunciado cualquier irregularidad, hasta llevar adelante un pedido de Intervención de la Municipalidad (Lastimosamente por cuestiones políticas en la Cámara de Diputados rechazaron nuestro pedido y archivaron). He demostrado que soy un buen gestor, en estos años desde la Junta Municipal hemos entregado más de 4 mil tarjetas a nuestros Adultos Mayores que hoy están percibiendo sus pensiones. He realizado gestiones ante la ESSAP y hemos conseguido mejorar nuestro sistema cloacal, así también gestiones ante el Ministerio de Obras Pública para conseguir el tan anhelado asfaltado de nuestras calles, y todo esto es una realidad. Me considero alguien con mucha experiencia para seguir estando en la Junta Municipal y mi aporte desde allí será importante. Quiero seguir siendo representante de la ciudadanía. Y estoy seguro que se viene cosas más importantes para nuestra querida ciudad de Concepción. ',3351011),(37,1,'Supervisor de Distribución en compañía de Telecomunicaciones.',4050764),(38,2,'	Creación de una plataforma web/app que permita a los ciudadanos verificar los ingresos y egresos del municipio.\r\n	Transparentar todo el proceso de las licitaciones utilizando medios de comunicación, redes sociales página web oficial, otros.\r\n	Impulsar la creación de un Access Point que permita dar acceso a Internet a Colegios en zonas rurales y urbanas de zona periférica.\r\n',4050764),(39,3,'	Calles en mal estado. \r\n	Seguridad Vial. \r\n	Mantenimiento de los espacios Verdes. \r\n	Impulsar la creación de fuentes de trabajo.\r\n',4050764),(40,4,'	Interactuar en redes sociales. \r\n	Crear un espacio dentro de la junta dónde se pueda recibir a los ciudadanos. \r\n	Visitar los barrios y a las comisiones conformadas.\r\n',4050764),(41,5,'Impulsando proyectos que permitan la transparencia.',4050764),(42,6,'La plata alcanza cuando nadie roba.',4050764),(43,7,'Por qué soy una persona Joven con uso del sentido común y quiero que la gente progrese y la ciudad con ellas. ',4050764),(44,1,'Micro empresaria.',528022),(45,2,'Estricta controlar de la Administración del Ejecutivo Municipal.',528022),(46,3,'Que los recursos que lleguen a la municipalidad sean utilizados de la mejor forma en beneficio de la comunidad.',528022),(47,4,'Visitas direccionadas, trabajo de cerca con los líderes de las comunidades, en especial con los pueblos originarios.',528022),(48,5,'Con un estricto control utilizando los medios legales a nuestro alcance, que es la forma correcta de corregir y evitar el mal manejo de los bienes públicos.',528022),(49,6,'Que nuestra labor estará comprometida para alcanzar los objetivos propuestos en pro del beneficio de todo el pueblo concepcionero sin banderías políticas es decir, sin distinción alguna.',528022),(50,7,'Porque merezco como honesta Ciudadana que me den la primera oportunidad de poder servir a mi comunidad desde el legislativo Municipal. Para demostrar así que actuaré en representación de la gente.',528022),(51,1,'Técnica en Hematóloga en el IPS',1098294),(52,2,'	En cuanto a salud velar por el cumplimento de la ley 1032/96 \r\n	Crear un mecanismo consultivo simple pero eficaz para el acceso a la información del gasto público municipal. \r\n	Crear un mecanismo para la formación y capacitación constantes de las comisiones vecinales. \r\n	Velar para el cumplimiento del ente municipal para con los Bomberos Voluntarios de Concepción. \r\n	Fortalecer el conservatorio municipal de música. \r\n	Utilizar recursos disponibles para dar soporte a familiares de pacientes internados por COVID19.\r\n',1098294),(53,3,'	El déficit de transparencia en el manejo administrativo municipal. \r\n	El calamitoso estado de la infraestructura vial. \r\n	La desorganización catastral del municipio.\r\n',1098294),(54,4,'Tengo como compromiso llevar una agenda profundamente ligada a las comisiones vecinales y con constante acompañamiento desde la junta.',1098294),(55,5,'Una de mis propuestas se basa justamente en el acceso efectivo de la información del manejo municipal, con ello tendríamos un control real y a la vez que podríamos desarticular cualquier intento de corrupción dentro de la institución municipal.',1098294),(56,6,'El pueblo sólo es soberano el día de las elecciones, ese día todos somos iguales, todos valemos lo mismo, y con una decisión acertada tendremos la ciudad que queremos.',1098294),(57,7,'Durante mi vida me ha tocado servir en distintos ámbitos, tanto como titular de la secretaría de la mujer, como también titular de la secretaría de salud del gobierno departamental, mi dedicación como profesional de la salud por 35 años, como así también en tantas luchas sociales, como el apoyo para el desarrollo artístico profesional en niños y jóvenes; todo esto me ha permitido estar en contacto permanente con la gente, y poder ayudar dentro de mis capacidades, es por eso que conozco la realidad ciudadana y me considero capaz de velar por intereses civiles desde la junta municipal.',1098294),(58,1,'Supervisor educativo y Docente universitario ',1999241),(59,2,'. Mesas de trabajo interinstitucional para fortalecer los servicios básicos deficientes. \r\n2. Acompañar la gestión del Consejo Local de Salud. \r\n3. Fortalecer las comisiones vecinales para trabajo conjunto y las de Fomento apoyando las comisiones de producción rural. Gerenciar el mantenimiento constante de calles y caminos vecinales. \r\n4. Destinar los fondos de Fonacide con participación de Supervisores y Directores \r\n5. Apoyar el deporte amateur y la recreación acondicionando plazas y parques. \r\n6. Fortalecer la Escuela Taller, los Colegios técnicos con alianzas estratégicas. \r\n7. Apoyar las selecciones de la V azul en todas las modalidades. \r\n8. Fortalecer el servicio de recolección de residuos. \r\n9. Apoyar la reducción de dietas y gastos de representación del Concejal. 10. Brindar información transparente del actuar municipal a los contribuyentes.\r\n',1999241),(60,3,'	Fortalecer los servicios básicos deficientes en los barrios y localidades. \r\n	Planificación y proyección urbana. \r\n	Mantenimiento de calles y caminos vecinales. \r\n	Participación ciudadana \r\n	Uso correcto de fondos genuinos y Fonacide Apoyo a la formación profesional de jóvenes\r\n',1999241),(61,4,'Reuniones permanentes en los barrios y localidades rurales. ',1999241),(62,5,'	Información transparente a la ciudadanía a través de los medios y carteleras. \r\n	Vetar documentos sin sustento legal.\r\n',1999241),(63,6,'Vos sos el cambio, juntos hacemos la diferencia. FILCO 13 (frente de integración liberal de ciudadanos organizados)',1999241),(64,7,'Todos los candidatos de la Lista 13 son trabajadores, profesionales que no dependen del ingreso de la política, un movimiento independiente dentro del PLRA que busca la gestión de calidad, la participación de todos, sin patrones ni líderes de movimientos nacionales ni departamentales que condicionan el actuar de un edil. FILCO somos todos porque nació en Concepción para todos quienes quieran trabajar por el progreso de su ciudad. Muchas gracias!! ',1999241),(65,1,'Docente.',1564790),(66,2,'	Ser contralor a fin de Transparentar la utilización de los recursos económicos del Ejecutivo Municipal. \r\n	Gerenciar y buscar estrategias para optimizar los recursos económicos a fin de invertir en obras y proyectos sociales.\r\n	Acompañar a las comisiones de barrios, fomentando la participación ciudadana con compromiso y responsabilidad. \r\n	Apoyar ampliamente a través de proyectos todo lo referente a educación, salud, deporte, turismo y cultura. \r\n	Gestionar becas de estudios para los jóvenes de nuestro distrito. \r\n	Apoyar la participación de mis congéneres a través de las diferentes organizaciones de mujeres trabajadoras dentro del distrito de Concepción.\r\n',1564790),(67,3,'Gerenciar y buscar estrategias para optimizar los recursos económicos a fin de invertir en obras y proyectos sociales.',1564790),(68,4,'Acompañar a las comisiones de barrios, fomentando la participación ciudadana con compromiso y responsabilidad',1564790),(69,5,'Ser contralor a fin de transparentar la utilización de los recursos, creando órganos de control, consejos, comisiones de transparencias a fin de denunciar actos de corrupción y erradicar la impunidad.',1564790),(70,6,'Trabajando juntos, podemos lograr la Concepción que queremos.\r\n',1564790),(71,7,'Soy nueva en la política, con el firme compromiso de trabajar con transparencia y compromiso social. Con tu apoyo podemos ser contralores de la administración municipal, buscar soluciones y mejoras a tantas necesidades que tenemos en nuestra ciudad, a través de  proyectos que redunden en beneficio de todos los concepcioneros.',1564790),(72,1,'Docente',619919),(73,2,'	Educación, fortalecer concursos académicos. \r\n	Realización de festivales en los barrios. \r\n	Trabajo coordinado con supervisores, docentes. \r\n	Fortalecer los centros educativos. \r\n	Organizar las comisiones de barrios. \r\n	Medio ambiente: organizar trabajos de arborización\r\n',619919),(74,3,'	Organización de las comisiones en los barrios. \r\n	Programar limpieza en los barrios. \r\n	Cuidar que se cumplan los reglamentos de tránsito. \r\n	Apoyar a los Centros De Salud Familiar.\r\n',619919),(75,4,'	Reuniones mensuales. \r\n	Dar a conocer los proyectos presentados en la Junta. \r\n	Acompañar a las comisiones barriales. \r\n	Hacer rendición de cuentas de los proyectos presentados.\r\n',619919),(76,5,'	Con la concienciación. \r\n	No firmar las rendiciones que no estén muy claras. \r\n	Hacer frente denunciando.\r\n',619919),(77,6,'El cambio se necesita. La humildad la honestidad, la humanidad es el cambio. ',619919),(78,7,'Por la honestidad, por las ganas de trabajar y cambiar. Por la transparencia. ',619919),(79,1,'Contratista',3350641),(80,2,'Generar fuente de trabajo.',3350641),(81,3,'Los desafíos y problema en la cancha de comunidad hay mucho. pero todo se puede lograr.',3350641),(82,4,'Actividades de deporte.',3350641),(83,5,'Con honestidad y transparencia.',3350641),(84,6,'Que tomen la mejor decisión pensando en el futuro.',3350641),(85,7,'Porque quiero un cambio verdadero y real.',3350641),(86,1,'Gerente General de Riverside Concepción. ',4951245),(87,2,'Ayudar a realizar proyectos de: desagües y calles, salud pública (personas y animales), educación, deportes y apoyar a los artistas concepcioneros. ',4951245),(88,3,'El principal desafío es sacar la municipalidad del pozo en el que está y tratar de reconstruir lo más pronto posible la ciudad que está en pedazos. ',4951245),(89,4,'Trabajar con las comisiones vecinales y si no hay una, crear una. Y qué de las comisiones vecinales salgan las propuestas para mejorar cada barrio. ',4951245),(92,5,'Con honestidad, sinceridad, transparencia, compromiso y acción en beneficio del pueblo. ',4951245),(93,6,'Que tengan confianza en los jóvenes, que opten por las nuevas figuras políticas, qué somos los que realmente el pueblo necesita. “Renovemos, ñambo pyahu lo mita',4951245),(94,7,'Porque: \r\n1. Soy una figura nueva \r\n2. Tengo capacidad de gestión \r\n3. Me gusta trabajar con y por la gente \r\n4. Tengo espíritu solidario y entusiasta\r\n',4951245),(95,1,'12 años funcionario del Club Cerro porteño, 8 años por España y actualmente comerciante.',1697406),(96,2,'Representar al campesinado en la concejalía y trabajar para mejorar la atención a sus necesidades ya sea en el ámbito laboral y conjuntamente con las comisiones vecinales.',1697406),(97,3,'Como persona que vive en la zona rural veo como primera necesidad la reparación de los caminos vecinales ya que es un déficit que es necesario mejorar, ya que con las mejoras en el camino el campesinado tendrá mejores oportunidades de ofrecer y hacer llegar sus productos.',1697406),(98,4,'Primeramente crear comisiones vecinales bien formadas que puedan enfocarse en las necesidades de su comunidad o barrio y así trabajar en conjunto para mejorar los servicios ofrecidos desde la municipalidad.',1697406),(99,5,'Como contralor de la municipalidad es necesario que los proyectos o licitaciones que se desarrolle en el transcurso de los años sean claros y transparentes para el pueblo en general.',1697406),(100,6,'Que hagan valer sus votos y que sepan votar.	',1697406),(101,7,'Porque soy un candidato honesto y trabajador que viene del campo.',1697406),(102,1,'Concejal Departamental periodo 2013/2018',2937758),(103,2,'	Cumplir fielmente y con honestidad mis deberes legales como concejal municipal. \r\n	Realizar una revisión de las Ordenanzas Municipales, para su actualización, en caso de que sea necesario. \r\n	Establecer la obligatoriedad de la participación ciudadana en la construcción de un presupuesto participativo, incluyendo proyectos comunitarios, para su ejecución. \r\n	Recibir las denuncias, la quejas de los ciudadanos con referencia a la gestión municipal.\r\n	Fomentar la creación y el fortalecimiento de organizaciones ciudadanas con el fin que tengan participación en el Gobierno Municipal, conforme lo establece la ley orgánica municipal. \r\n	Gestionar y viabilizar los proyectos encaminados por las comisiones vecinales \r\n	Asistir y asesorar a las diferentes comunidades componentes de nuestro distrito \r\n	Recibir Sugerencias Ciudadanas y convertirlos en resoluciones y Ordenanzas \r\n	Apoyar fuertemente al Consejo Local de Salud. \r\n	Crea el Fondo destinado al Cuerpos de Bomberos Voluntarios que prestan servicio en Concepción (ya existe, solo falta dar cumplimiento) \r\n	Regular el sistema de gestión integral de residuos sólidos urbanos (basuras) y promover su minimización, valorización y disposición controlada \r\n	Actualizar la Ordenanza de Tránsito, tendiente a su efectivo cumplimiento, especialmente en temas urgentes para la sociedad, como estacionamiento, sentido Único, Rotonda, semáforo, camiones Pesados, cruce peatonal, etc. \r\n	Establecer mecanismos de transparencia en la gestión municipal, facilitando el acceso a la información pública.\r\n',2937758),(104,3,'	Ordenar el Transito (estacionamiento, sentido Único, Rotonda, semáforo, camiones Pesados, cruce peatonal) \r\n	Recolección de Basuras y Limpieza en las calles de la Ciudad.\r\n	Ordenar el Mercado Municipal, de tal manera la gente puede llegar en un lugar limpio y ordenado para que podamos vender y comprar\r\n',2937758),(105,4,'Quiero ser un Gestor antes las Comisiones Vecinales, Comité de Productores u Organizaciones para \"Organizarles, Acompañarles y Asistirle antes cualquier necesidad\" buscando soluciones en la Municipalidad u otras Instituciones del Estado',2937758),(106,5,'Estableciendo la obligatoriedad de la participación ciudadana en la construcción de un presupuesto participativo, Recibiendo las denuncias, la quejas de los ciudadanos con referencia a la gestión municipal',2937758),(107,6,'En estas Elecciones vamos a tener la posibilidad de Elegir al Candidato de Nuestra Preferencia, y todos los afiliados podamos ser parte de este proceso.',2937758),(108,7,'Soy una Persona Capaz de Ocupar Cualquier Cargo, tengo bastante experiencia Políticas, Administrativa y de Gestión, soy Municipalista y con muchas ganas de trabajar con el Intendente, de tal manera poner en prácticas mis conocimientos. ',2937758);

UNLOCK TABLES;

/*!40101 SET SQL_MODE=@OLD_SQL_MODE */;
/*!40014 SET FOREIGN_KEY_CHECKS=@OLD_FOREIGN_KEY_CHECKS */;
/*!40014 SET UNIQUE_CHECKS=@OLD_UNIQUE_CHECKS */;
/*!40111 SET SQL_NOTES=@OLD_SQL_NOTES */;
